trust_name,ods_code,press_email,press_email_alt,press_source_url,foi_email,foi_email_alt,foi_source_url,notes
Airedale NHS Foundation Trust,RCF,anhsft.communications@nhs.net,,https://www.airedale-trust.nhs.uk/contact-us/media-enquiries/,anhsft.foi@nhs.net,,https://www.airedale-trust.nhs.uk/contact-us/freedom-of-information-requests/,Direct fetches of airedale-trust.nhs.uk returned blank; emails via search results
Alder Hey Children's NHS Foundation Trust,RBS,press@alderhey.nhs.uk,media@alderhey.nhs.uk,https://www.alderhey.nhs.uk/contact/press-office/,FOIRequests@alderhey.nhs.uk,info.gov@alderhey.nhs.uk,https://www.alderhey.nhs.uk/about/foi/request/,Press email visible only via Cloudflare obfuscation; press@alderhey.nhs.uk per third-party listings - confidence medium
Ashford and St Peter's Hospitals NHS Foundation Trust,RTK,asp-tr.comms.mailbox@nhs.net,,https://www.ashfordstpeters.nhs.uk/about-us/useful-contacts,asp-tr.foi@nhs.net,,https://www.ashfordstpeters.nhs.uk/about-us/useful-contacts,"press email not found on site; FOI email not found on site; Ashford & St Peter's website returns empty body / Cloudflare-blocked to WebFetch on /, /contact-us, /freedom-of-information. Could not verify any email. | press_email & foi_email re-verified on site 2026-06-27 (Useful Contacts page, JS-obfuscated mailto); source_urls updated from xlsx placeholder, emails unchanged verified 2026-09-05: both addresses unchanged. Note for future runs - ashfordstpeters.nhs.uk hides addresses in Joomla 4 <joomla-hidden-mail> tags (base64 in the first/last/text attributes), NOT Cloudflare cfemail, so a plain regex and decode_cfemail.py both find nothing. Base64-decode the text= attribute instead; no browser needed."
Avon and Wiltshire Mental Health Partnership NHS Trust,RVN,awp.communications@nhs.net,,https://www.awp.nhs.uk/contact-us,awp.freedomofinformation@nhs.net,,https://www.awp.nhs.uk/contact-us/freedom-information,
"Barking, Havering and Redbridge University Hospitals NHS Trust",RF4,bhrut.communications@nhs.net,,https://www.bhrhospitals.nhs.uk/contact-us,BHRUT.FreedomOfInformation@nhs.net,,https://www.bhrhospitals.nhs.uk/foi,
Barnsley Hospital NHS Foundation Trust,RFF,communications.barnsley@nhs.net,,https://www.barnsleyhospital.nhs.uk/services/communications-team,barnsley@infreemation.co.uk,,https://www.barnsleyhospital.nhs.uk/freedom-information-requests,FOI handled via Infreemation portal address
Barts Health NHS Trust,R1H,Bartshealth.pressoffice@nhs.net,,https://www.bartshealth.nhs.uk/press-office,foi.bartshealth@nhs.net,,https://www.bartshealth.nhs.uk/freedom-of-information,
Bedfordshire Hospitals NHS Foundation Trust,RC9,communications@bedsft.nhs.uk,communications@bedfordhospital.nhs.uk,https://www.bedfordshirehospitals.nhs.uk/contact-us/media-enquiries/,FOI@bedsft.nhs.uk,bhn-tr.foibedfordshirehospitals@nhs.net,https://www.bedfordshirehospitals.nhs.uk/corporate-information/freedom-of-information/,Trust runs two press inboxes: communications@bedfordhospital.nhs.uk and communications@ldh.nhs.uk (Luton & Dunstable site) | press primary updated 2026-06-06 from https://www.bedfordshirehospitals.nhs.uk/contact-us/media-enquiries/ (unified communications@bedsft.nhs.uk now shown on page); prior primary communications@bedfordhospital.nhs.uk moved to _alt; legacy communications@ldh.nhs.uk retired (one alt slot).
Berkshire Healthcare NHS Foundation Trust,RWX,pressoffice@berkshire.nhs.uk,,https://www.berkshirehealthcare.nhs.uk/about-us/media-enquiries,foi.bht@berkshire.nhs.uk,,https://www.berkshirehealthcare.nhs.uk/about-us/freedom-of-information-request,press updated 2026-06-20: prior value communications@royalberkshire.nhs.uk belonged to Royal Berkshire (a different trust); corrected to pressoffice@berkshire.nhs.uk from the media-enquiries page
Birmingham Community Healthcare NHS Foundation Trust,RYW,info.BCHC@nhs.net,,https://www.bhamcommunity.nhs.uk/contact-us/,foi.bchc@nhs.net,,https://www.bhamcommunity.nhs.uk/foi/,
Birmingham Women's and Children's NHS Foundation Trust,RQ3,bwc.communications@nhs.net,,https://www.bwc.nhs.uk/contact-us,bwc.freedomofinformation@nhs.net,,https://www.bwc.nhs.uk/freedom-of-information,
Birmingham and Solihull Mental Health NHS Foundation Trust,RXT,bsmhft.commsteam@nhs.net,,Temp/Comms contacts.xlsx (May 2026),bsmhft.foioffice@nhs.net,,https://www.bsmhft.nhs.uk/about-us/information-rights/foi/,"press routed via on-site contact form, no listed email; BSMHFT directs all media enquiries via web form; no published generic press email."
Black Country Healthcare NHS Foundation Trust,TAJ,bchft.communications@nhs.net,bcpft.communications@nhs.net,https://www.blackcountryhealthcare.nhs.uk/contact-us,bchft.foi1@nhs.net,bcpft.foi@nhs.net,https://www.blackcountryhealthcare.nhs.uk/contact-us,
Blackpool Teaching Hospitals NHS Foundation Trust,RXL,bfwh.trustcommunications@nhs.net,,https://www.blackpoolteachinghospitals.nhs.uk/contact-us,bfwh.pso@nhs.net,,https://www.blackpoolteachinghospitals.nhs.uk/services/information-governance/freedom-information-foi,
Bolton NHS Foundation Trust,RMC,communications@boltonft.nhs.uk,,https://www.boltonft.nhs.uk/contact-us/media-enquiries/,foi@boltonft.nhs.uk,,https://www.boltonft.nhs.uk/about-us/freedom-of-information/,
Bradford District Care NHS Foundation Trust,TAD,communications@bdct.nhs.uk,,https://www.bdct.nhs.uk/contact/,foi.requests@bdct.nhs.uk,,https://www.bdct.nhs.uk/contact/,
Bradford Teaching Hospitals NHS Foundation Trust,RAE,communications@bthft.nhs.uk,,https://www.bradfordhospitals.nhs.uk/media-enquiries/,foi@bthft.nhs.uk,,https://www.bradfordhospitals.nhs.uk/freedom-of-information/,No press/comms email found on news-and-media page; switchboard 01274 542200 the only contact route; No dedicated press email surfaced on news/media or contact-us pages. 2026-08-15: press address re-confirmed unchanged; press_source_url repointed from the May 2026 spreadsheet placeholder to the live page [https://www.bradfordhospitals.nhs.uk/media-enquiries/].
Buckinghamshire Healthcare NHS Trust,RXQ,bht.communications@nhs.net,,https://www.buckshealthcare.nhs.uk/get-in-touch/,bht.bhinfo@nhs.net,,https://www.buckshealthcare.nhs.uk/our-organisation/freedom-of-information/,
Calderdale and Huddersfield NHS Foundation Trust,RWY,amy.campbell@cht.nhs.uk,,Temp/Comms contacts.xlsx (May 2026),FOI@cht.nhs.uk,,https://www.cht.nhs.uk/publications/freedom-of-information-foi/about-freedom-of-information/,Calderdale & Huddersfield: contact-us page lists no emails; FOI sub-pages 404; no public-facing FOI email visible.; FOI email confirmed via Google site search May 2026.
Cambridge University Hospitals NHS Foundation Trust,RGT,cuh.press@nhs.net,,https://www.cuh.nhs.uk/contact-us/media-enquiries/,cuh.foi@nhs.net,foi.contact@addenbrookes.nhs.uk,https://www.cuh.nhs.uk/about-us/freedom-information/,CUH FOI page returned 404; FOI process exists but specific email not confirmed; CUH contact page lists only phone numbers; FOI sub-pages 404 across multiple paths.; FOI primary updated 2026-05-16 from https://www.cuh.nhs.uk/about-us/freedom-information/; prior value moved to _alt
Cambridgeshire and Peterborough NHS Foundation Trust,RT1,communications@cpft.nhs.uk,,https://www.cpft.nhs.uk/press-and-media,foi@cpft.nhs.uk,,https://www.cpft.nhs.uk/freedom-of-information,
Central London Community Healthcare NHS Trust,RYX,clcht.comms@nhs.net,clch.communications@nhs.net,https://www.clch.nhs.uk/about-us/contact-us,foi.request@nhs.net,,https://www.clch.nhs.uk/about-us/contact-us,
Central and North West London NHS Foundation Trust,RV3,cnwl.communications@nhs.net,communications.cnwl@nhs.net,https://www.cnwl.nhs.uk/news/press-office,freedomofinformation.cnwl@nhs.net,,https://www.cnwl.nhs.uk/about/freedom-information-foi,
Chelsea and Westminster Hospital NHS Foundation Trust,RQM,chelwest.comms@nhs.net,,https://www.chelwest.nhs.uk/about-us/news/press-office,chelwest.foi@nhs.net,,https://www.chelwest.nhs.uk/about-us/organisation/our-way-of-working/foi/freedom-of-information,
Cheshire and Wirral Partnership NHS Foundation Trust,RXA,jodie.denrico@cwp.nhs.uk,,Temp/Comms contacts.xlsx (May 2026),cwp.foi@nhs.net,,Temp/Comms contacts.xlsx (May 2026),Cheshire and Wirral Partnership website Cloudflare bot-protected; could not retrieve contact pages; Cheshire & Wirral Partnership: all contact and FOI pages returned 403 to WebFetch (server-side bot block).
Chesterfield Royal Hospital NHS Foundation Trust,RFS,crhft.communications@nhs.net,,https://www.chesterfieldroyal.nhs.uk/about-us/contact-and-find-us/media-enquires,CRHFT.FOI@nhs.net,chesterfield@infreemation.co.uk,https://www.chesterfieldroyal.nhs.uk/about-us/contact-and-find-us/freedom-information-requests,FOI page not found via direct fetch; trust uses publication scheme but no public FOI email located; Chesterfield Royal FOI sub-page 404 at the obvious paths; would need direct site navigation. | foi primary updated 2026-06-27 from chesterfieldroyal.nhs.uk FOI page (only CRHFT.FOI@nhs.net shown); prior value chesterfield@infreemation.co.uk moved to foi_email_alt
Cornwall Partnership NHS Foundation Trust,RJ8,cftcommunications@nhs.net,cpn-tr.Enquiries@nhs.net,https://www.cornwallft.nhs.uk/contact-us/,cpn-tr.freedomofinformation@nhs.net,,https://www.cornwallft.nhs.uk/freedom-of-information/,
Countess of Chester Hospital NHS Foundation Trust,RJR,countess.communications@nhs.net,,https://www.coch.nhs.uk/contact-us/press-office.aspx,foi.enquiries@nhs.net,,https://www.coch.nhs.uk/contact-us/,
County Durham and Darlington NHS Foundation Trust,RXP,cdda-tr.communications@nhs.net,,https://www.cddft.nhs.uk/about-us/media-centre,cdda-tr.cddftfoi@nhs.net,,https://www.cddft.nhs.uk/about-us/corporate-information/freedom-information,
Coventry and Warwickshire Partnership NHS Trust,RYG,media@covwarkpt.nhs.uk,,https://www.covwarkpt.nhs.uk/contact-us,mlcsusars@nhs.net,freedomofinformation@covwarkpt.nhs.uk,https://www.covwarkpt.nhs.uk/contact-us,FOI handled by NHS Midlands and Lancashire CSU shared service
Croydon Health Services NHS Trust,RJ6,chs.comms@nhs.net,,https://www.croydonhealthservices.nhs.uk/contact-us,ch-tr.foi@nhs.net,,https://www.croydonhealthservices.nhs.uk/contact-us,
"Cumbria, Northumberland, Tyne and Wear NHS Foundation Trust",RX4,communications@cntw.nhs.uk,,https://www.cntw.nhs.uk/contact/press/,foi@cntw.nhs.uk,,https://www.cntw.nhs.uk/foi/request/,Cloudflare email-protection decoded
Dartford and Gravesham NHS Trust,RN7,dgn-tr.communications@nhs.net,,https://www.dgt.nhs.uk/contact-us/communicationpress-darent-valley-hospital,dgn-tr.freedomofinformation@nhs.net,,Temp/Comms contacts.xlsx (May 2026),FOI page provided online form/post but no direct email; Dartford & Gravesham FOI page lists only postal address and online form; no email published.
Derbyshire Community Health Services NHS Foundation Trust,RY8,DCHST.communications@nhs.net,,https://dchs.nhs.uk/contact-and-find-us,DCHST.FreedomofInformation@nhs.net,,https://dchs.nhs.uk/about-us/freedom-information,contact pages return 404; investigating
Derbyshire Healthcare NHS Foundation Trust,RXM,dhcft.communications@nhs.net,,https://www.derbyshirehealthcareft.nhs.uk/contact-us/media-enquiries,dhcft.foienquiries@nhs.net,,https://www.derbyshirehealthcareft.nhs.uk/contact-us/freedom-information-requests,
Devon Partnership NHS Trust,RWV,dpn-tr.communications@nhs.net,,https://www.dpt.nhs.uk/get-in-touch,dpt.ig@nhs.net,dpt.saferinformation@nhs.net,https://www.dpt.nhs.uk/get-in-touch,
Doncaster and Bassetlaw Teaching Hospitals NHS Foundation Trust,RP5,dbth.comms@nhs.net,Adam.Tingle@nhs.net,https://www.dbth.nhs.uk/contact/communications-team/,d.wraith@nhs.net,dbth.foi@nhs.net,https://www.dbth.nhs.uk/about-us/freedom-of-information/,"FOI is named individual; Doncaster & Bassetlaw publishes only personal comms emails (Emma.Shaheen@nhs.net, adam.tingle@nhs.net) - no generic press address. | press_email re-verified 2026-06-27 on Communications Team page; source_url updated from xlsx placeholder, email unchanged primary updated 2026-09-05 from https://www.dbth.nhs.uk/contact/communications-team/ (page's Media enquiries section now names the generic team mailbox dbth.comms@nhs.net); prior value Adam.Tingle@nhs.net moved to _alt."
Dorset County Hospital NHS Foundation Trust,RBD,dch.communications@nhs.net,communications@dchft.nhs.uk,https://www.dchft.nhs.uk/about-us/contact-us/,dhc.dch.foi.enquiries@nhs.net,FOI@dchft.nhs.uk,https://www.dchft.nhs.uk/about-us/contact-us/,FOI inbox is shared with Dorset HealthCare (dhc prefix); press primary updated 2026-08-08 from https://www.dchft.nhs.uk/about-us/contact-us/ (page lists dch.communications@nhs.net as the media/communications contact); prior value communications@dchft.nhs.uk moved to press_email_alt
Dorset Healthcare University NHS Foundation Trust,RDY,dhc.communications.team@nhs.net,,https://www.dorsethealthcare.nhs.uk/about-us/contact-us,dhc.foi.enquiries@nhs.net,,https://www.dorsethealthcare.nhs.uk/about-us/contact-us,
East Cheshire NHS Trust,RJN,ecntstaff.comms@nhs.net,,https://trust.eastcheshire.nhs.uk/corporate-services/communications-and-engagement,ecn-tr.foirequests@nhs.net,,https://trust.eastcheshire.nhs.uk/freedom-information,
East Kent Hospitals University NHS Foundation Trust,RVV,ekh-tr.communications@nhs.net,,https://www.ekhuft.nhs.uk/contact-us/press-office,ekh-tr.foi@nhs.net,,https://www.ekhuft.nhs.uk/patients-and-visitors/about-us/freedom-of-information/,"FOI page not located; ekhuft.nhs.uk/foi redirects to archive that 404s; East Kent Hospitals FOI page redirects to www-archive.ekhuft.nhs.uk and 404s; site mid-migration. FOI source URL resolved 2026-07-30 to /patients-and-visitors/about-us/freedom-of-information/ (site migration complete); ekh-tr.FOI@nhs.net confirmed on page, address unchanged."
East Lancashire Hospitals NHS Trust,RXR,communications@elht.nhs.uk,,https://elht.nhs.uk/contact-us,foi@elht.nhs.uk,,https://elht.nhs.uk/contact-us,"2026-08-22: contact page could not be read from this machine (Imperva/Incapsula shell on plain fetch, server-side WebFetch and headless Playwright); communications@elht.nhs.uk and foi@elht.nhs.uk both corroborated against the 20 June 2026 Wayback snapshot, addresses left unchanged."
East London NHS Foundation Trust,RWK,elft.communications@nhs.net,,https://www.elft.nhs.uk/contact-us/press-enquiries,elft.foi@nhs.net,,https://www.elft.nhs.uk/contact-us,
East Midlands Ambulance Service NHS Trust,RX9,emascommunications@emas.nhs.uk,,https://www.emas.nhs.uk/news/media-enquiries/,foi.foi@emas.nhs.uk,,https://www.emas.nhs.uk/contact-us/,
East Suffolk and North Essex NHS Foundation Trust,RDE,communications@esneft.nhs.uk,,https://www.esneft.nhs.uk/contact-us/communications-team/,foi@esneft.nhs.uk,,https://www.esneft.nhs.uk/contact-us/,
East Sussex Healthcare NHS Trust,RXC,esht.communications@nhs.net,,Temp/Comms contacts.xlsx (May 2026),esh-tr.foi@nhs.net,,https://www.esht.nhs.uk/about-us/contact-us/freedom-of-information/,"press uses web form, no listed email; East Sussex Healthcare media enquiries page closed connection on fetch; no press email retrieved."
East and North Hertfordshire Teaching NHS Trust,RWH,pressoffice@enherts-tr.nhs.uk,communications.enh-tr@nhs.net,https://www.enherts-tr.nhs.uk/contact/,foi.enh-tr@nhs.net,,https://www.enherts-tr.nhs.uk/foi/,Both emails obscured by Cloudflare email-protection on the pages | press primary updated 2026-05-29 from [https://www.enherts-tr.nhs.uk/contact/]; prior value communications.enh-tr@nhs.net moved to _alt
East of England Ambulance Service NHS Trust,RYC,media@eastamb.nhs.uk,,https://www.eastamb.nhs.uk/media-team,FOI@eastamb.nhs.uk,,https://www.eastamb.nhs.uk/about-us/freedom-of-information,"EEAST: no press/media email visible on contact, newsroom, in-the-news, or about-us pages; site is Next.js app with limited static contact info; East of England Ambulance contact page lists feedback@ and charity@ only; no dedicated press email published. 2026-08-15: press address re-confirmed unchanged; press_source_url repointed from the May 2026 spreadsheet placeholder to the live page [https://www.eastamb.nhs.uk/media-team]."
Epsom and St Helier University Hospitals NHS Trust,RVR,gesh.comms@stgeorges.nhs.uk,,https://www.epsom-sthelier.nhs.uk/media-enquiries,esth.foi@nhs.net,,Temp/Comms contacts.xlsx (May 2026),"GESH group press inbox shared with St George's; FOI directs to online form, no email; Epsom & St Helier FOI page provides only postal address and online form; no email."
Essex Partnership University NHS Foundation Trust,R1L,communications@eput.nhs.uk,epunft.communications@nhs.net,https://www.eput.nhs.uk/contact/,epunft.FOI@nhs.net,,https://www.eput.nhs.uk/about/freedom-of-information/,FOI email obfuscated as [email protected] on website; could not extract; EPUT FOI email decoded from Cloudflare cfemail attribute (epunft = Essex Partnership University NHS Foundation Trust).
Frimley Health NHS Foundation Trust,RDU,fhft.communications@nhs.net,,https://www.fhft.nhs.uk/news,fhft.foi@nhs.net,,https://www.fhft.nhs.uk/about-us/corporate-information-and-publications/freedom-information-foi,
Gateshead Health NHS Foundation Trust,RR7,ghnt.comms@nhs.net,,https://www.gatesheadhealth.nhs.uk/press/,ghnt.foi.enquiries@nhs.net,,https://www.gatesheadhealth.nhs.uk/foi/,Decoded from CloudFlare cfemail data attributes
George Eliot Hospital NHS Trust,RLT,communications@geh.nhs.uk,,https://www.geh.nhs.uk/contact-us/media-enquiries,geh@infreemation.co.uk,freedom.ofinformation@geh.nhs.uk,https://www.geh.nhs.uk/about-us/governance/freedom-information,"in progress [2026-08-01] foi_email primary updated 2026-08-01 from https://www.geh.nhs.uk/about-us/governance/freedom-information — the page now routes requests to the Infreemation portal address geh@infreemation.co.uk and keeps freedom.ofinformation@geh.nhs.uk only for complaints/appeals, so that prior primary moved to _alt; the previous _alt foi@geh.nhs.uk is no longer published."
Gloucestershire Health and Care NHS Foundation Trust,RTQ,ghccomms@ghc.nhs.uk,2gnft.comms@nhs.net,https://www.ghc.nhs.uk/contact-us/,foi@ghc.nhs.uk,FreedomofInformation@ghc.nhs.uk,https://www.ghc.nhs.uk/who-we-are/freedom-of-information/,
Gloucestershire Hospitals NHS Foundation Trust,RTE,ghn-tr.comms@nhs.net,,https://www.gloshospitals.nhs.uk/about-us/news-media/media-enquiries/,ghn-tr.foi@nhs.net,,https://www.gloshospitals.nhs.uk/about-us/our-trust/freedom-information/,FOI page not located on attempted URLs
Great Ormond Street Hospital for Children NHS Foundation Trust,RP4,media@gosh.nhs.uk,,https://www.gosh.nhs.uk/press-office/,foiteam@gosh.nhs.uk,,https://www.gosh.nhs.uk/about-us/freedom-information-act-0/make-foi-request/,GOSH FOI page not located (homepage and search returned no FOI link; /about-us/freedom-of-information/ returns 404). Likely available only via direct contact with information governance; GOSH FOI sub-pages 404 across multiple tested paths; press-office page links to FOI but target unreachable. | foi_source_url updated 2026-07-18 to live FOI page (foiteam@gosh.nhs.uk confirmed on page); prior value was an internal spreadsheet placeholder
Great Western Hospitals NHS Foundation Trust,RN3,gwh.comms@nhs.net,,https://www.gwh.nhs.uk/contact/,gwh.foi@nhs.net,,https://www.gwh.nhs.uk/about-us/information-governance/freedom-of-information-foi/,"FOI page not located; Great Western Hospitals FOI sub-pages 404 across all common paths. | source URLs corrected 2026-06-20 (prior press /contact-us/media-enquiries/ 404; FOI src was a placeholder); addresses unchanged | 2026-08-22: /contact/ publishes only gwh.webmaster@nhs.net - no press address on the page, so gwh.comms@nhs.net is retained unverified this run; gwh.foi@nhs.net re-confirmed on the FOI page."
Greater Manchester Mental Health NHS Foundation Trust,RXV,communications@gmmh.nhs.uk,,https://www.gmmh.nhs.uk/media-centre,foi@gmmh.nhs.uk,,https://www.gmmh.nhs.uk/contact-us,"source url updated 2026-09-05: press address unchanged (communications@gmmh.nhs.uk) but it is no longer printed on https://www.gmmh.nhs.uk/contact-us - it now sits on https://www.gmmh.nhs.uk/media-centre, verified there this run."
Guy's and St Thomas' NHS Foundation Trust,RJ1,gstt.press@nhs.net,press@gstt.nhs.uk,https://www.guysandstthomas.nhs.uk/news/contacts-media-enquiries,gstt.foi@nhs.net,foi@gstt.nhs.uk,https://www.guysandstthomas.nhs.uk/about-us/freedom-information,"FOI email obfuscated by Cloudflare on FOI page; not confirmed; FOI email decoded from Cloudflare cfemail attribute on FOI page. 2026-09-12: both pages are 403 to local fetch (documented WAF); reached via server-side WebFetch instead. Press decoded to gstt.press@nhs.net, matching the primary. The FOI token as relayed decoded one character off (w-stt.foi@nhs.net), consistent with a transcription artefact rather than a changed address, so gstt.foi@nhs.net left as primary."
Hampshire Hospitals NHS Foundation Trust,RN5,communications@hhft.nhs.uk,,https://www.hampshirehospitals.nhs.uk/our-services/az-departments-and-specialties/media-enquiries,foi@hhft.nhs.uk,,https://www.hampshirehospitals.nhs.uk/about-us/freedom-information,press email not found on contact pages; Hampshire Hospitals: no press email surfaced (contact page returned 403). | press_source_url updated 2026-07-18 to live media-enquiries page (communications@hhft.nhs.uk confirmed on page); prior value was an internal spreadsheet placeholder
Harrogate and District NHS Foundation Trust,RCD,communications@hdft.nhs.uk,hdft.hello@nhs.net,https://www.hdft.nhs.uk/contact/,foi@hdft.nhs.uk,hdft.foi@nhs.net,https://www.hdft.nhs.uk/contact/,"Both press and FOI emails on hdft.nhs.uk are obfuscated as [email protected]; confirmed contact phone numbers (press 01423 557470) but emails not extractable 2026-09-12: the [email protected] obfuscation on hdft.nhs.uk was decoded this run (Cloudflare cfemail) - the contact page carries hdft.hello@nhs.net and hdft.foi@nhs.net, i.e. the values already held in the _alt fields; the earlier 'emails not extractable' note is superseded. Neither primary (communications@hdft.nhs.uk, foi@hdft.nhs.uk) appears on the page."
Herefordshire and Worcestershire Health and Care NHS Trust,R1A,whcnhs.communications@nhs.net,,https://www.hacw.nhs.uk/media-enquiries-,WHCNHS.FOIrequest@nhs.net,,https://www.hacw.nhs.uk/freedom-of-information/,
Hertfordshire Community NHS Trust,RY4,hct.communications@nhs.net,,https://www.hct.nhs.uk/contact-us/,hct.foi@nhs.net,,https://www.hct.nhs.uk/contact-us/,
Hertfordshire Partnership University NHS Foundation Trust,RWR,hpft.comms@nhs.net,,https://www.hpft.nhs.uk/contact-us/news-and-media/,hpft.foi@nhs.net,,https://www.hpft.nhs.uk/information-and-resources/your-information-and-privacy/foi-request-form/,"press email not found on site; FOI email not found on site; Hertfordshire Partnership University: contact-us and FOI pages returned 403 to WebFetch (bot block). | contacts added 2026-06-20 from hpft.nhs.uk (record was previously empty) | 2026-08-22: both addresses confirmed via headless browser (hpft.comms@nhs.net on /contact-us/news-and-media/, hpft.foi@nhs.net on the FOI request form page); the pages still 403 plain fetches, so the earlier 'not found on site' note is superseded."
Homerton Healthcare NHS Foundation Trust,RQX,mark.purcell@nhs.net,,https://www.homerton.nhs.uk/press-office,huh-tr.foi@nhs.net,,https://www.homerton.nhs.uk/contact-us,Homerton press contact is named individual (Mark Purcell) rather than team inbox
Hull University Teaching Hospitals NHS Trust,RWA,nlg-tr.comms@nhs.net,hyp-tr.comms@nhs.net,https://www.hull.nhs.uk/contact/,hyp-tr.huthfoi@nhs.net,hyp-tr.foi@nhs.net,https://www.hull.nhs.uk/contact/,hey.nhs.uk redirects to hull.nhs.uk; FOI page hey.nhs.uk/about-us/freedom-of-information redirects to nlg.nhs.uk/foi (NLAG sister trust)
Humber Teaching NHS Foundation Trust,RV9,HNF-TR.communications@nhs.net,,https://www.humber.nhs.uk/news/media-and-communications/,,,https://www.humber.nhs.uk/about/freedom-of-information-and-publication-scheme/,"FOI directs to online form, no direct email listed; Humber FOI page directs requests via online form; no email published."
Imperial College Healthcare NHS Trust,RYJ,imperial.press.office@nhs.net,cara.barrett@nhs.net,https://www.imperial.nhs.uk/contact-and-find-us/press-office,imperial.foi@nhs.net,,https://www.imperial.nhs.uk/about-us/foi/freedom-of-information-requests,
Isle of Wight NHS Trust,R1F,pho-tr.communications@nhs.net,,https://www.iow.nhs.uk/contact-us,iownt.freedomofinformation@nhs.net,,https://www.iow.nhs.uk/about-us/requesting-information,
James Paget University Hospitals NHS Foundation Trust,RGP,communications@jpaget.nhs.uk,,https://www.jpaget.nhs.uk/departments/communications-media/,FOI@jpaget.nhs.uk,,https://www.jpaget.nhs.uk/about-us/freedom-of-information/,
Kent Community Health NHS Foundation Trust,RYY,kchft.comms@nhs.net,,https://www.kentcht.nhs.uk/contact/,kcht.foi@nhs.net,,https://www.kentcht.nhs.uk/contact/,
Kent and Medway Mental Health NHS Trust,RXY,comms.kentandmedway@nhs.net,,Temp/Comms contacts.xlsx (May 2026),kmmh.infoaccess@nhs.net,kmpt.infoaccess@nhs.net,http://www.kentmedwaymentalhealth.nhs.uk/about-us/freedom-of-information/,trust rebranded to Kent Medway Mental Health; press via web form only; KMPT contact page provides media enquiries form only; no published press email.
Kettering General Hospital NHS Foundation Trust,RNQ,kgh-tr.Comms@nhs.net,,https://www.kgh.nhs.uk/contact-us,kgh-tr.foi@nhs.net,,https://www.kgh.nhs.uk/contact-us,
King's College Hospital NHS Foundation Trust,RJZ,kch-tr.mediateam@nhs.net,,https://www.kch.nhs.uk/news/press-media-and-filming/contacting-the-media-team,kch-tr.foi@nhs.net,,https://www.kch.nhs.uk/about/corporate-information/freedom-of-information/,FOI email obfuscated by Cloudflare; postal/online form available; FOI email decoded from Cloudflare cfemail attribute.
Kingston and Richmond NHS Foundation Trust,RAX,krft.comms@nhs.net,hrch.communications@nhs.net,https://www.kingstonandrichmond.nhs.uk/about-us/news/media-enquiries,krft.foienquiries@nhs.net,hrch.freedomofinformation@nhs.net,https://www.kingstonandrichmond.nhs.uk/patients-and-families/patient-records-and-privacy/freedom-information-and-access-records,2026-08-22 ODS merge reconciliation: row RY9 (Hounslow and Richmond Community Healthcare) retired and folded in; merged 1 Nov 2024 to form Kingston and Richmond NHS FT. Legacy HRCH inboxes kept as _alt.
Lancashire Teaching Hospitals NHS Foundation Trust,RXN,communication@lthtr.nhs.uk,,https://www.lancsteachinghospitals.nhs.uk/contact-us,freedomofinformation@lthtr.nhs.uk,,https://www.lancsteachinghospitals.nhs.uk/freedom-of-information,
Lancashire and South Cumbria NHS Foundation Trust,RW5,communications@lscft.nhs.uk,communications@lancashirecare.nhs.uk,https://www.lscft.nhs.uk/contact-us/press-and-media,FOIRequests@lancashirecare.nhs.uk,,https://www.lscft.nhs.uk/about-us/publications-reports-policies/freedom-information,"FOI requests submitted via online form; no direct email provided; Lancashire & South Cumbria FOI page provides postal address and online form only; no FOI email published. | foi_source_url updated 2026-06-27 to live FOI page; FOI published as postal/online-form only, email not re-confirmable on page"
Leeds Community Healthcare NHS Trust,RY6,lch.comms@nhs.net,,https://leedscommunityhealthcare.nhs.uk/contact-us/press-and-media-enquiries/,ig.lch@nhs.net,foi.lch@nhs.net,https://leedscommunityhealthcare.nhs.uk/about-us/access-to-information/data-requests-your-privacy/,
Leeds Teaching Hospitals NHS Trust,RR8,leedsth-tr.researchcomms@nhs.net,communications.lth@nhs.net,https://www.leedsth.nhs.uk/research/contact-us/,leedsth-tr.informationgovernance@nhs.net,,https://www.leedsth.nhs.uk/about/information-governance/subject-access-requests/,
Leeds and York Partnership NHS Foundation Trust,RGD,communications.lypft@nhs.net,,https://www.leedsandyorkpft.nhs.uk/contact-us/,foi.lypft@nhs.net,,https://www.leedsandyorkpft.nhs.uk/contact-us/,
Leicestershire Partnership NHS Trust,RT5,lpt.communications@nhs.net,kamy.basra@leicspart.nhs.uk,https://www.leicspart.nhs.uk/contact/comms/,lpt.foi@nhs.net,FOIrequests@leicspart.nhs.uk,https://www.leicspart.nhs.uk/about/freedom-of-information-requests/,
Lewisham and Greenwich NHS Trust,RJ2,lg.communications@nhs.net,,https://www.lewishamandgreenwich.nhs.uk/contact-us/,foi.lg@nhs.net,,https://www.lewishamandgreenwich.nhs.uk/contact-us/,
Lincolnshire Community Health Services NHS Trust,RY5,ulth.lchscommunications@nhs.net,lchsecomms@lincs-chs.nhs.uk,https://lincolnshirecommunityhealthservices.nhs.uk/contact-us,lhnt.foi.lchs@nhs.net,agcsu.foi.lchs@nhs.net,https://lincolnshirecommunityhealthservices.nhs.uk/about-us/freedom-of-information,FOI handled via shared CSU inbox [2026-08-01] foi_email primary updated 2026-08-01 from https://lincolnshirecommunityhealthservices.nhs.uk/about-us/freedom-of-information; prior value agcsu.foi.lchs@nhs.net moved to _alt.
Lincolnshire Partnership NHS Foundation Trust,RP7,lpft.communications@nhs.net,lincs.spa@nhs.net,https://www.lpft.nhs.uk/contact-us,lpft.FOIrequest@nhs.net,lpn-tr.FOIrequest@nhs.net,https://www.lpft.nhs.uk/contact-us,
Liverpool Heart and Chest Hospital NHS Foundation Trust,RBQ,Matthew.Back@lhch.nhs.uk,,https://www.lhch.nhs.uk/press-and-media,FOIRequests@lhch.nhs.uk,,https://www.lhch.nhs.uk/make-a-request,Press contact is named individual (Head of Communications) - no shared press inbox published
Liverpool University Hospitals NHS Foundation Trust,REM,Communications@uhliverpool.nhs.uk,communications@liverpoolft.nhs.uk,https://www.uhliverpool.nhs.uk/contact-us/press-information,FOIRequests@liverpoolft.nhs.uk,,https://www.uhliverpool.nhs.uk/contact-us/freedom-information-requests,now part of NHS University Hospitals of Liverpool Group
Liverpool Women's NHS Foundation Trust,REP,Communications@uhliverpool.nhs.uk,communications@lwh.nhs.uk,https://www.uhliverpool.nhs.uk/contact-us/press-information,FOIRequests@lhch.nhs.uk,FOI@lwh.nhs.uk,https://www.uhliverpool.nhs.uk/freedom-information-requests-lwh,"Liverpool Women's now part of NHS University Hospitals of Liverpool Group; legacy LWH FOI inbox still in use per FOI publication scheme | foi_source_url updated 2026-07-18 to live UHL group FOI page (FOI@lwh.nhs.uk confirmed); prior liverpoolwomens.nhs.uk PDF now redirects to the group site. Group submission inbox FOIRequests@liverpoolft.nhs.uk also seen (not adopted as primary) FOI primary updated 2026-09-26 from https://www.uhliverpool.nhs.uk/freedom-information-requests-lwh; prior value moved to _alt. The LWH freedom-of-information page on the NHS University Hospitals of Liverpool Group site now directs requesters to FOIRequests@lhch.nhs.uk and to Information Governance, Health Records, Liverpool Heart and Chest Hospital - i.e. FOI is handled by the group Access to Information team (tel 0151 702 1336 / 4645), not a LWH-specific inbox."
London Ambulance Service NHS Trust,RRU,londamb.press.office@nhs.net,,https://www.londonambulance.nhs.uk/news-2/follow-us-social-media/,londamb.foi@nhs.net,foi@londonambulance.nhs.uk,https://www.londonambulance.nhs.uk/talking-with-us/freedom-of-information/classes-of-information/,2026-08-22: foi_email cleaned to londamb.foi@nhs.net - the stored value carried a '?subject=...' mailto querystring that is not part of the address; address itself re-confirmed against published LAS FOI responses. Press address re-confirmed by decoding the cfemail token on the press page.
London North West University Healthcare NHS Trust,R1K,lnwh-tr.communications@nhs.net,,https://www.lnwh.nhs.uk/press,lnwh@infreemation.co.uk,,https://www.lnwh.nhs.uk/foi,FOI uses third-party Infreemation portal
Maidstone and Tunbridge Wells NHS Trust,RWF,mtw-tr.communications@nhs.net,,https://www.mtw.nhs.uk/media-enquiries-and-press/,mtw-tr.FOIadmin@nhs.net,,https://www.mtw.nhs.uk/freedom-of-information/,"2026-07-04: source URLs refreshed (old /contact/ now 404); FOI mtw-tr.foiadmin@nhs.net confirmed live, press email unchanged (media page blocks automated fetch). press_source_url updated 2026-09-12: previous /news/media-enquiries-and-contacts/ now 404s; live media page is /media-enquiries-and-press/ and it carries the same mtw-tr.communications@nhs.net (address unchanged)."
Manchester University NHS Foundation Trust,R0A,pressoffice@mft.nhs.uk,communications@mft.nhs.uk,https://mft.nhs.uk/contact-us/,foi@mft.nhs.uk,,https://mft.nhs.uk/freedom-of-information/,
Medway NHS Foundation Trust,RPA,communications.medwayft@nhs.net,,https://www.medway.nhs.uk/contact-us/media-and-website-enquiries/,medwayft.foi@nhs.net,,https://www.medway.nhs.uk/about-us/access-to-information/,Medway contact page does not list emails
Mersey Care NHS Foundation Trust,RW4,communications@merseycare.nhs.uk,,https://www.merseycare.nhs.uk/contact-us,FOI@merseycare.nhs.uk,freedomofinformation@merseycare.nhs.uk,https://www.merseycare.nhs.uk/contact-us,press email not found on site; FOI email not found on site; Mersey Care: all contact and FOI URLs tested returned 403 (bot block). Could not verify.; Verified via Playwright 4 May 2026 (WebFetch had been blocked by Cloudflare).
Mersey and West Lancashire Teaching Hospitals NHS Trust,RBN,communications@merseywestlancs.nhs.uk,,https://www.merseywestlancs.nhs.uk/media-and-pr,foirequests@merseywestlancs.nhs.uk,,https://www.merseywestlancs.nhs.uk/foi,
Mid Cheshire Hospitals NHS Foundation Trust,RBT,communications@mcht.nhs.uk,,https://www.mcht.nhs.uk/contact-us,foi.foi@mcht.nhs.uk,foi@mcht.nhs.uk,https://www.mcht.nhs.uk/contact-us,
Mid Yorkshire Teaching NHS Trust,RXF,midyorks.communications@nhs.net,,https://www.midyorks.nhs.uk/contact-us/,midyorks.foi@nhs.net,,https://www.midyorks.nhs.uk/publication-scheme,
Mid and South Essex NHS Foundation Trust,RAJ,mse.communications@nhs.net,,https://www.mse.nhs.uk/media-centre,mse.foi.suhft@nhs.net,,https://www.mse.nhs.uk/freedom-of-information,
Midlands Partnership University NHS Foundation Trust,RRE,communications@mpft.nhs.uk,enquiries@mpft.nhs.uk,https://www.mpft.nhs.uk/contact-us,foi@mpft.nhs.uk,,https://www.mpft.nhs.uk/about-us/freedom-information,MPFT FOI page directs requests via postal address or online portal (mpft.ams-sar.com); no FOI email published. | foi_source_url set 2026-06-06 from live FOI page (no email published; FOI via online Access Request Portal); existing foi@mpft.nhs.uk retained.
Milton Keynes University Hospital NHS Foundation Trust,RD8,communications@mkuh.nhs.uk,,https://www.mkuh.nhs.uk/news/information-for-the-media,Foi.PublicationSchemeCo-ordinator@mkuh.nhs.uk,,https://www.mkuh.nhs.uk/about-us/freedom-of-information,Live site behind Cloudflare bot challenge; values decoded from CloudFlare cfemail in Wayback Machine snapshot Dec 2024
Moorfields Eye Hospital NHS Foundation Trust,RP6,Moorfields.pressoffice@nhs.net,,https://www.moorfields.nhs.uk/contact-us,Moorfields.webrequests@nhs.net,moorfields.fois@nhs.net,https://www.moorfields.nhs.uk/about-us/resources/freedom-of-information,FOI page lists webrequests inbox; may be IG-handled rather than dedicated FOI | foi_source_url corrected 2026-06-06 (old about-us/freedom-of-information now 404); live page shows moorfields.fois@nhs.net (= existing _alt); primary Moorfields.webrequests@nhs.net retained.
East of England Community Health and Care NHS Trust,RY3,eec.communications@nhs.net,ccs.communications@nhs.net,https://eastofenglandcommunityhealthandcare.nhs.uk/contact-us,eec.accesstoinfo@nhs.net,ccs.accesstoinfo@nhs.net,https://eastofenglandcommunityhealthandcare.nhs.uk/contact-us,"Norfolk Community merged into East of England Community Health & Care; shared CCS inbox; renamed from 'Norfolk Community Health and Care NHS Trust' on 2026-05-16 after April 2026 merger with Cambridgeshire Community Services (RYV); press and FOI primaries updated 2026-08-08 from https://eastofenglandcommunityhealthandcare.nhs.uk/contact-us — the merged trust now publishes eec.communications@nhs.net (media) and eec.accesstoinfo@nhs.net (FOI); prior values ccs.communications@nhs.net and ccs.accesstoinfo@nhs.net moved to the _alt fields, displacing the legacy Norfolk Community addresses Communications@nchc.nhs.uk and FreedomOfInformationProvider@nchc.nhs.uk, which are recorded here so they are not lost"
Norfolk and Norwich University Hospitals NHS Foundation Trust,RM1,communications@nnuh.nhs.uk,,https://www.nnuh.nhs.uk/news-and-events/media-centre/contacting-the-communications-team/,foi@nnuh.nhs.uk,,https://www.nnuh.nhs.uk/departments/freedom-of-information/,foi_source_url updated 2026-09-12: old /about-us/freedom-of-information/ now 301-redirects to /departments/freedom-of-information/; foi@nnuh.nhs.uk unchanged.
Norfolk and Suffolk NHS Foundation Trust,RMY,media@nsft.nhs.uk,,https://www.nsft.nhs.uk/press,informationrights@nsft.nhs.uk,,https://www.nsft.nhs.uk/freedom-of-information/,
North Cumbria Integrated Care NHS Foundation Trust,RNN,communications@ncic.nhs.uk,communications.helpdesk@ncic.nhs.uk,https://www.ncic.nhs.uk/contact,FOIRequests@ncic.nhs.uk,,https://www.ncic.nhs.uk/patients-visitors/patient-information-leaflets/freedom-information,FOI page not located; North Cumbria FOI URLs all 404; contact page references FOI but only via submission portal. | foi_source_url located 2026-06-06; live page confirms FOIRequests@ncic.nhs.uk (matches primary).
North East Ambulance Service NHS Foundation Trust,RX6,publicrelations@neas.nhs.uk,,https://www.neas.nhs.uk/contact-us,Freedom.Of.Information.Requests@neas.nhs.uk,publicrelations@neas.nhs.uk,https://www.neas.nhs.uk/about-us/freedom-information,
North East London NHS Foundation Trust,RAT,press@nelft.nhs.uk,communications@nelft.nhs.uk,https://www.nelft.nhs.uk/contact-us/,foi.foi@nelft.nhs.uk,foi@nelft.nhs.uk,https://www.nelft.nhs.uk/contact-us/,
North Staffordshire Combined Healthcare NHS Trust,RLY,communications@combined.nhs.uk,,https://www.combined.nhs.uk/contact/contact-us/,FOIRequests@combined.nhs.uk,,Temp/Comms contacts.xlsx (May 2026),FOI page returned 404 from tested paths and connection reset on combined.nhs.uk; FOI inbox not retrievable; North Staffordshire Combined FOI sub-pages 404; no FOI email published on contact page.
North Tees and Hartlepool NHS Foundation Trust,RVW,nth-tr.communications@nhs.net,,https://www.nth.nhs.uk/contact/,nth-tr.foi@nhs.net,,https://www.nth.nhs.uk/contact/,Both emails obscured by Cloudflare email-protection on the pages
North West Ambulance Service NHS Trust,RX7,press@nwas.nhs.uk,press.office@nwas.nhs.uk,https://www.nwas.nhs.uk/contact-us/,foi.enquiries@nwas.nhs.uk,,https://www.nwas.nhs.uk/foi/,"Cloudflare email-protection decoded for FOI 2026-09-12: contact page decoded (cfemail) - the press section reads 'Press office - For media enquiries contact press.office@nwas.nhs.uk', i.e. the _alt value; the primary press@nwas.nhs.uk does not appear on the page. Left unchanged per the alt-match rule, but worth a human check on which inbox NWAS now prefers."
North West Anglia NHS Foundation Trust,RGN,nwangliaft.communications@nhs.net,,https://www.nwangliaft.nhs.uk/contact-us/,nwangliaft.FOITeam@nhs.net,,https://www.nwangliaft.nhs.uk/freedom-of-information-foi-requests,
Northampton General Hospital NHS Trust,RNS,ngh-tr.communications@nhs.net,,https://www.northamptongeneral.nhs.uk/Services/Our-Non-Clinical-Services-and-Departments/Communications.aspx,ngh-tr.foi@nhs.net,foi@ngh.nhs.uk,https://www.northamptongeneral.nhs.uk/About/Information-and-Data-Protection/Freedom-of-Information-Act/Freedom-of-Information-Act-2000/Publication-Scheme/Publication-Scheme.aspx,FOI email retrieved via Wayback snapshot of publication scheme page 2026-07-04: press source URL refreshed (old News/Communications-team.aspx 404); ngh-tr.communications@nhs.net re-confirmed.
Northamptonshire Healthcare NHS Foundation Trust,RP1,commsteam@nhft.nhs.uk,,https://www.nhft.nhs.uk/contact,foi@nhft.nhs.uk,,https://www.nhft.nhs.uk/foi/,FOI page not located
Northern Care Alliance NHS Foundation Trust,RM3,trust.communications@nca.nhs.uk,,https://www.northerncarealliance.nhs.uk/about-us/media-centre,FreedomofInformationRequests@nca.nhs.uk,penninefoi.atsalford@srft.nhs.uk,https://www.northerncarealliance.nhs.uk/contact-us/freedom-information-requests,
Northern Lincolnshire and Goole NHS Foundation Trust,RJL,nlg-tr.comms@nhs.net,,https://www.nlg.nhs.uk/press-and-media/,nlg-tr.nlagfoi@nhs.net,nlg-tr.foi@nhs.net,https://www.nlg.nhs.uk/foi/,Decoded from CloudFlare cfemail data attributes
Northumbria Healthcare NHS Foundation Trust,RTF,media@northumbria-healthcare.nhs.uk,,https://www.northumbria.nhs.uk/media-centre/contact-us,foi@northumbria.nhs.uk,,https://www.northumbria.nhs.uk/about-us/corporate-information/freedom-information,FOI page not located; contact form references FOI option only
Nottingham University Hospitals NHS Trust,RX1,nuhnt.nuhmedia@nhs.net,NUHMedia@nuh.nhs.uk,https://www.nuh.nhs.uk/media-enquiries/,nuhnt.dutyin@nhs.net,FOI@nuh.nhs.uk,https://www.nuh.nhs.uk/freedom-of-information/,"Nottingham UH: contact-us, comms and news-media URLs all 404; no public press email surfaced.; press primary updated 2026-05-16 from https://www.nuh.nhs.uk/media-enquiries/; prior value moved to _alt"
Nottinghamshire Healthcare NHS Foundation Trust,RHA,communications@nottshc.nhs.uk,,https://www.nottinghamshirehealthcare.nhs.uk/press-and-media,FOI@nottshc.nhs.uk,,https://www.nottinghamshirehealthcare.nhs.uk/freedom-of-information-request-form,
Oxford Health NHS Foundation Trust,RNU,Communications.Team@oxfordhealth.nhs.uk,,https://oxfordhealth.nhs.uk/contacts/media-enquiries/,foiarfi@oxfordhealth.nhs.uk,,https://www.oxfordhealth.nhs.uk/contacts/,press email not on main contact pages
Oxford University Hospitals NHS Foundation Trust,RTH,web.editor@ouh.nhs.uk,media.office@ouh.nhs.uk,https://www.ouh.nhs.uk/contact/,oxford@infreemation.co.uk,,https://www.ouh.nhs.uk/about/foi/request/,"FOI requests directed to online form, no email; subject.accessrequest@ouh.nhs.uk only for personal data/SAR; Oxford UH FOI page directs requests via online form (foienquiries.ouh.nhs.uk/start-now) and postal address; no generic FOI email published. subject.accessrequest@ouh.nhs.uk is for Subject Access only. | foi_source_url updated 2026-06-27 to live FOI request page; FOI via online form/portal (oxford@infreemation.co.uk), email unchanged"
Oxleas NHS Foundation Trust,RPG,oxl-tr.communications@nhs.net,,https://www.oxleas.nhs.uk/contact-us/,oxl-tr.FOI@nhs.net,,https://www.oxleas.nhs.uk/contact-us/,
Pennine Care NHS Foundation Trust,RT2,media.penninecare@nhs.net,,https://www.penninecare.nhs.uk/contact,foi.penninecare@nhs.net,,https://www.penninecare.nhs.uk/contact,
Portsmouth Hospitals University NHS Trust,RHU,pho-tr.communications@nhs.net,,https://www.porthosp.nhs.uk/about-us/contact-us,pho-tr.foirequest-portsmouth@nhs.net,Portsmouth.FOIRequests@porthosp.nhs.uk,https://www.porthosp.nhs.uk/about-us/information-governance/requesting-information,2026-08-18: press_email pho-tr.communications@nhs.net re-verified against the trust's own contact-us page. Stale alt communications@porthosp.nhs.uk removed - reported as wrong. Note: Isle of Wight NHS Trust (R1F) legitimately shares this same comms inbox.
Queen Victoria Hospital NHS Foundation Trust,RPC,qvh.communications@nhs.net,qvh.info@nhs.net,https://www.qvh.nhs.uk/contact-us/,qvh.foi@nhs.net,,https://www.qvh.nhs.uk/contact-us/,
Rotherham Doncaster and South Humber NHS Foundation Trust,RXE,rdash.rdashcommunications@nhs.net,,https://www.rdash.nhs.uk/contact-us/media-enquiries/,rdash.foirdash@nhs.net,,https://www.rdash.nhs.uk/about-us/governance/freedom-of-information/,
Royal Berkshire NHS Foundation Trust,RHW,communications@royalberkshire.nhs.uk,,https://www.royalberkshire.nhs.uk/contact-us/,foi@royalberkshire.nhs.uk,,https://www.royalberkshire.nhs.uk/contact-us/,2026-08-18: press and FOI emails both re-verified against the trust's own contact-us page.
Royal Cornwall Hospitals NHS Trust,REF,rcht.communication@nhs.net,,https://news.royalcornwallhospitals.nhs.uk/press-and-media/,rch-tr.foi@nhs.net,,https://royalcornwallhospitals.nhs.uk/organisation/freedom-of-information/,
Royal Devon University Healthcare NHS Foundation Trust,RH8,rde-tr.RDEComms@nhs.net,rduh.comms@nhs.net,https://www.royaldevon.nhs.uk/get-in-touch,rduh.foi@nhs.net,,https://www.royaldevon.nhs.uk/about-us/information-governance/freedom-of-information-foi-and-environmental-information-regulations-eir/,Trust uses two legacy comms inboxes (Eastern: rde-tr.RDEComms@nhs.net; Northern: ndht.Communications@nhs.net) post-merger
Royal Free London NHS Foundation Trust,RAL,rf-tr.mediaenquiries@nhs.net,tr-rf.communications@nhs.net,https://www.royalfree.nhs.uk/contact-us/contact-media-team,rf-tr.foi@nhs.net,,Temp/Comms contacts.xlsx (May 2026),Site (incl FOI page) returned 403 to scraping; press email confirmed via search results. FOI email not extractable - likely rf-tr.foi@nhs.net but unverified; Royal Free FOI page returned 403 to WebFetch on multiple attempts; could not retrieve email. | press primary updated 2026-05-29 from [https://www.royalfree.nhs.uk/contact-us/contact-media-team]; prior value tr-rf.communications@nhs.net moved to _alt
Royal National Orthopaedic Hospital NHS Trust,RAN,rnoh.mediaenquiries-sm@nhs.net,rnoh.communicationsdept@nhs.net,https://www.rnoh.nhs.uk/contact-us,rnoh.foi-sm@nhs.net,,https://www.rnoh.nhs.uk/contact-us,
Royal Papworth Hospital NHS Foundation Trust,RGM,papworth.communications@nhs.net,,https://royalpapworth.nhs.uk/contact/media-enquiries,papworth.foidept@nhs.net,,https://royalpapworth.nhs.uk/our-hospital/information-we-publish/freedom-information,
Royal Surrey NHS Foundation Trust,RA2,rsch.pressoffice@nhs.net,rsch.communications@nhs.net,https://www.royalsurrey.nhs.uk/useful-contacts-/,rsc-tr.FreedomOfInformation@nhs.net,,https://www.royalsurrey.nhs.uk/how-to-make-a-freedom-of-information-request,
Royal United Hospitals Bath NHS Foundation Trust,RD1,ruh-tr.CommunicationTeam@nhs.net,,https://www.ruh.nhs.uk/media/index.asp,ruh-tr.FOIRequests@nhs.net,,https://www.ruh.nhs.uk/foi/overview_obtain_information.asp?menu_id=1,FOI page references comms team but no dedicated FOI email surfaced; Royal United Bath FOI URL not retrieved (legacy .asp paths).
Salisbury NHS Foundation Trust,RNZ,dave.roberts@nhs.net,,https://www.salisbury.nhs.uk/about-us/media-enquiries/,sft.freedomofinformation@nhs.net,,https://www.salisbury.nhs.uk/about-us/freedom-of-information-foi/how-to-make-a-request/,Salisbury press contacts are individuals only (Dave Roberts and Lydia.Davies6@nhs.net); no team mailbox listed
Sandwell and West Birmingham Hospitals NHS Trust,RXK,swbh.comms@nhs.net,,https://www.swbh.nhs.uk/news/,swb-tr.SWBH-GM-FOIRequests@nhs.net,,https://www.swbh.nhs.uk/our-trust/statutory-information/freedom-of-information/,Press email confirmed via news team contact section.
Sheffield Children's NHS Foundation Trust,RCU,scn-tr.communications@nhs.net,communications@sch.nhs.uk,https://www.sheffieldchildrens.nhs.uk/contact-us/,scn-tr.schfoi@nhs.net,,https://www.sheffieldchildrens.nhs.uk/contact-us/,
Sheffield Health Partnership University NHS Foundation Trust,TAH,communications@sheffieldpartnership.nhs.uk,communications.shsc@shsc.nhs.uk,https://www.sheffieldpartnership.nhs.uk/contact-us/media-enquiries,shpu@infreemation.co.uk,shsc@infreemation.co.uk,https://www.sheffieldpartnership.nhs.uk/contact-us/freedom-information-requests,Sheffield Health & Social Care rebranded as Sheffield Partnership University FT; FOI uses Infreemation portal | foi primary updated 2026-05-29 from [https://www.sheffieldpartnership.nhs.uk/contact-us/freedom-information-requests]; prior value shsc@infreemation.co.uk moved to _alt
Sheffield Teaching Hospitals NHS Foundation Trust,RHQ,sth.allcommunicationsteam@nhs.net,,https://www.sth.nhs.uk/news/media-enquiries/,sth.foi@nhs.net,,https://www.sth.nhs.uk/about-us/freedom-of-information/,
Sherwood Forest Hospitals NHS Foundation Trust,RK5,sfh-tr.communications@nhs.net,,https://www.sfh-tr.nhs.uk/about-us/contact-us/communications-team/,sfh-tr.information.governance@nhs.net,sfh-tr.foi.requests@nhs.net,https://www.sfh-tr.nhs.uk/about-us/regulatory-information/freedom-of-information/,
Shropshire Community Health NHS Trust,R1D,shropcom.communications@nhs.net,,https://www.shropscommunityhealth.nhs.uk/contact-us,shropcom.FOIR@infreemation.co.uk,shropcom.foi@nhs.net,https://www.shropscommunityhealth.nhs.uk/foi,"FOI uses third-party Infreemation portal | 2026-08-22: contact and FOI pages could not be read from this machine (Imperva/Incapsula shell on plain fetch, server-side WebFetch and headless Playwright); shropcom.FOIR@infreemation.co.uk corroborated against a 2026 Wayback snapshot, addresses left unchanged."
Somerset NHS Foundation Trust,RH5,communications@somersetft.nhs.uk,,https://www.somersetft.nhs.uk/about-us/about-us/news-and-media/,foi@somersetft.nhs.uk,,https://www.somersetft.nhs.uk/about-us/about-us/publication-scheme/freedom-of-information-foi/,press email not located on public pages
South Central Ambulance Service NHS Foundation Trust,RYE,scas.oncallmedia@nhs.net,oncallmedia@scas.nhs.uk,https://www.scas.nhs.uk/contact-us/contact-the-media-team/,scas.foi2@nhs.net,foi@scas.nhs.uk,https://www.scas.nhs.uk/contact-us/,"primary updated 2026-08-22 from https://www.scas.nhs.uk/contact-us/contact-the-media-team/ and https://www.scas.nhs.uk/contact-us/; prior values moved to _alt (press oncallmedia@scas.nhs.uk, foi foi@scas.nhs.uk) - the trust now publishes nhs.net team mailboxes on both pages"
South East Coast Ambulance Service NHS Foundation Trust,RYD,press@secamb.nhs.uk,,https://www.secamb.nhs.uk/news/contact-media-team/,foi@secamb.nhs.uk,,https://www.secamb.nhs.uk/freedom-of-information-requests/,
South London and Maudsley NHS Foundation Trust,RV5,communications@slam.nhs.uk,,https://www.slam.nhs.uk/newsroom,foi@slam.nhs.uk,,https://www.slam.nhs.uk/freedom-of-information,
South Tees Hospitals NHS Foundation Trust,RTR,stees.public.relations@nhs.net,,https://www.southtees.nhs.uk/press/,stees.foi.admin@nhs.net,,https://www.southtees.nhs.uk/freedom-of-information-foi/foi-contacts/,Email addresses obscured by Cloudflare email-protection on both pages; could not extract verbatim; Both emails decoded from Cloudflare cfemail attributes.
South Tyneside and Sunderland NHS Foundation Trust,R0B,stsft.trustcomms@nhs.net,lauren.robinson13@nhs.net,https://www.stsft.nhs.uk/contact-us,stsft.freedomofinformation@nhs.net,stsft@infreemation.co.uk,https://www.stsft.nhs.uk/about-us/corporate-information/foi-requests,Trust uses third-party portal Stsft@infreemation.co.uk; nhs.net inbox is the auto-reply / fallback
South Warwickshire University NHS Foundation Trust,RJC,communications@swft.nhs.uk,,https://www.swft.nhs.uk/about-us/contact-us,swft@infreemation.co.uk,,Temp/Comms contacts.xlsx (May 2026),FOI email not located; South Warwickshire FOI sub-pages 404; contact page advises calling switchboard for FOI.
South West London and St George's Mental Health NHS Trust,RQY,communications@swlstg.nhs.uk,,https://www.swlstg.nhs.uk/media-enquiries,FOI-Requests@swlstg.nhs.uk,foi@swlstg.nhs.uk,https://www.swlstg.nhs.uk/freedom-of-information,
South West Yorkshire Partnership Teaching NHS Foundation Trust,RXG,comms@swyt.nhs.uk,,https://www.southwestyorkshire.nhs.uk/contact-us/,foi@swyt.nhs.uk,,https://www.southwestyorkshire.nhs.uk/contact-us/freedom-of-information/how-to-make-a-request/,
South Western Ambulance Service NHS Foundation Trust,RYF,publicrelations@swast.nhs.uk,,https://www.swast.nhs.uk/press-office,swast.information.governance@nhs.net,information.governance@swast.nhs.uk,https://www.swast.nhs.uk/contact-us,
Hampshire and Isle of Wight Healthcare NHS Foundation Trust,RW1,hiowh.communications@nhs.net,communications@southernhealth.nhs.uk,https://hiowhealthcare.nhs.uk/contact-us,hiowh.freedomofinformation@nhs.net,freedom.information@southernhealth.nhs.uk,https://hiowhealthcare.nhs.uk/freedom-information,2026-08-22 ODS merge reconciliation: row R1C (Solent) retired and folded in; Solent and Southern Health merged 1 Oct 2024 to form Hampshire and Isle of Wight Healthcare NHS FT. Legacy Southern Health inboxes kept as _alt; legacy Solent inboxes were communications@solent.nhs.uk and FreedomOfInformation@solent.nhs.uk.
St George's University Hospitals NHS Foundation Trust,RJ7,gesh.comms@stgeorges.nhs.uk,,https://www.stgeorges.nhs.uk/news/media-enquiries/,foi@stgeorges.nhs.uk,,Temp/Comms contacts.xlsx (May 2026),FOI page lists postal address only; no email published; St George's FOI URL not fetched within budget.
Stockport NHS Foundation Trust,RWJ,communications@stockport.nhs.uk,,https://www.stockport.nhs.uk/pressoffice/,foi@stockport.nhs.uk,,https://www.stockport.nhs.uk/about/trust/freedom-of-information/,Contact page lists no media or FOI emails; FOI page not yet checked; Stockport FOI email decoded from Cloudflare cfemail. Contact-us page 404; no press email surfaced. 2026-08-15: press address re-confirmed unchanged; press_source_url repointed from the May 2026 spreadsheet placeholder to the live page [https://www.stockport.nhs.uk/pressoffice/].
Surrey and Borders Partnership NHS Foundation Trust,RXX,communications@sabp.nhs.uk,,https://www.sabp.nhs.uk/contact/media-enquiries,foi@sabp.nhs.uk,igteam@sabp.nhs.uk,https://www.sabp.nhs.uk/contact/freedom-of-info,
Surrey and Sussex Healthcare NHS Trust,RTP,sash.communications@nhs.net,,https://www.surreyandsussex.nhs.uk/find-contact-us/contact-us/media-and-communications,sash.foi@nhs.net,,https://www.surreyandsussex.nhs.uk/about-us/corporate-and-regulatory-information/freedom-information/how-make-request,
Sussex Community NHS Foundation Trust,RDR,scftcommunications@nhs.net,,https://www.sussexcommunity.nhs.uk/contact-us/press-and-media,SC-TR.freedomofinformation@nhs.net,,https://www.sussexcommunity.nhs.uk/contact-us/freedom-of-information,Both press and FOI pages returned 403 on direct fetch; emails are spam-obfuscated on the site. IG team based at Brighton General Hospital; Sussex Community: both press-and-media and FOI URLs returned 403 to WebFetch. | source URLs set 2026-06-06 via Playwright render; press scftcommunications@nhs.net and foi sc-tr.freedomofinformation@nhs.net both confirmed on-page (match primaries).
Sussex Partnership NHS Foundation Trust,RX2,spft.media@nhs.net,communications@sussexpartnership.nhs.uk,https://www.sussexpartnership.nhs.uk/about-us/news-events,spft.foi@nhs.net,foi@sussexpartnership.nhs.uk,https://www.sussexpartnership.nhs.uk/about-us/contact-us/freedom-information,
Tameside and Glossop Integrated Care NHS Foundation Trust,RMP,media@tgh.nhs.uk,communication@tgh.nhs.uk,https://www.tamesideandglossopicft.nhs.uk/contact-us/communicationpress,foi@tgh.nhs.uk,,https://www.tamesideandglossopicft.nhs.uk/about-us/freedom-information-foi/freedom-information-request,press/comms page not located
"Tees, Esk and Wear Valleys NHS Foundation Trust",RX3,tewv.communications@nhs.net,tewv.enquiries@nhs.net,https://www.tewv.nhs.uk/contact/,TEAWVNT.accessrequests@nhs.net,tewv.foi@nhs.net,https://www.tewv.nhs.uk/freedom-of-information/,FOI handled via Access Requests inbox per contact page; Cloudflare email-protection decoded
The Christie NHS Foundation Trust,RBV,Maggie.Doyle@christie.nhs.uk,,Temp/Comms contacts.xlsx (May 2026),the-christie.foi@nhs.net,,https://www.christie.nhs.uk/about-us/about-the-christie/freedom-of-information-disclosure-logs,Press/media email not surfaced on contact-us page; Christie communications switchboard 0161 446 3000; Christie press office sub-pages all 404 in tests; no press email surfaced.
The Clatterbridge Cancer Centre NHS Foundation Trust,REN,ccf-tr.communications.team@nhs.net,,https://www.clatterbridgecc.nhs.uk/contact-us,ccf-tr.foi@nhs.net,,https://www.clatterbridgecc.nhs.uk/about-us/freedom-information-foi,"site returned 403 to bot fetch; pages exist per search results, but specific email addresses could not be confirmed"
The Dudley Group NHS Foundation Trust,RNA,dgft.communications@nhs.net,,https://www.dgft.nhs.uk/contact-us/,dgft.foi@nhs.net,,https://www.dgft.nhs.uk/about-us/freedom-of-information/,
The Hillingdon Hospitals NHS Foundation Trust,RAS,thh-tr.communications@nhs.net,,https://thh.nhs.uk/contact-us/,thh@infreemation.co.uk,thh-tr.freedomofinfo@nhs.net,https://thh.nhs.uk/freedom-of-information/,"Trust directs FOI requests to online form at thh.disclosure-log.co.uk; no published email; Hillingdon Hospitals FOI page directs all requests via online form (thh.disclosure-log.co.uk); states attachments and links rejected; no FOI email published.; Hillingdon use the Infreemation portal — confirmed via WhatDoTheyKnow request thread, May 2026. 2026-07-04: FOI source URL refreshed (old /about-us/ page 404); still online-form only (thh.disclosure-log.co.uk), no email published. 2026-09-12: FOI page carries no email address at all - the trust directs all requests to its online request form (consistent with the thh@infreemation.co.uk portal already held as primary) or to post. No change made."
The Newcastle upon Tyne Hospitals NHS Foundation Trust,RTD,nuth.communications@nhs.net,,https://www.newcastle-hospitals.nhs.uk/help/press/,,,https://www.newcastle-hospitals.nhs.uk/help/foi/,"Newcastle press email inferred from Bing cross-reference (Cloudflare-encoded on page); FOI page directs requests via online form, no email. FOI source URL recorded 2026-07-30: /help/foi/ re-checked and still publishes no FOI mailbox - requests go through an on-page web form only, so foi_email stays null."
The Princess Alexandra Hospital NHS Trust,RQW,paht.communications@nhs.net,,https://www.pah.nhs.uk/contact/media-enquiries/,paht.FOI@nhs.net,FOI@pah.nhs.uk,https://www.pah.nhs.uk/foi/request/,"PAH uses online forms only for both media and FOI; emails are CloudFlare-protected share links not contact addresses; no direct inbox visible; Princess Alexandra: media page provides only enquiry form; FOI page Cloudflare-protected (cfemail not extracted). pah.foi@nhs.net is plausible but unverified. | press source URL set 2026-06-20 (was a placeholder); address confirmed unchanged | 2026-08-22: foi_source_url repointed from the spreadsheet placeholder to the live /foi/request/ page (online form only, no address published there); FOI@pah.nhs.uk recorded as _alt from the trust's own FOI guidance. Press address paht.communications@nhs.net re-confirmed by decoding the cfemail token on the media-enquiries page."
The Queen Elizabeth Hospital King's Lynn NHS Foundation Trust,RCX,media.enquiries@qehkl.nhs.uk,Communicationsqeh@qehkl.nhs.uk,https://www.qehkl.nhs.uk/about-us/media-enquiries/,dpa@qehkl.nhs.uk,foi@qehkl.nhs.uk,https://www.qehkl.nhs.uk/freedom-of-information.asp,"FOI uses combined data protection / FOI inbox press source URL updated 2026-07-30: /news-and-events/media-enquiries/ now 404s, page moved to /about-us/media-enquiries/; media.enquiries@qehkl.nhs.uk confirmed there, address unchanged. Note the FOI page designates foi@qehkl.nhs.uk (currently held in _alt) while dpa@ is the data-protection inbox."
The Robert Jones and Agnes Hunt Orthopaedic Hospital NHS Foundation Trust,RL1,rjah.media.requests@nhs.net,,https://www.rjah.nhs.uk/contact-us/media-enquiries/,rjah.foi@nhs.net,,https://www.rjah.nhs.uk/contact-us,2026-08-18: press and FOI emails both re-verified against the trust's own pages. Trust asks media to route all enquiries via the press office rather than contacting staff directly.
The Rotherham NHS Foundation Trust,RFR,rgh-tr.communications@nhs.net,,https://www.therotherhamft.nhs.uk/contact/media-enquiries,rgh-tr.freedomofinformation@nhs.net,,https://www.therotherhamft.nhs.uk/contact/freedom-information,
The Royal Marsden NHS Foundation Trust,RPY,pressteam@rmh.nhs.uk,,https://www.royalmarsden.nhs.uk/contact-us/pr-and-communications-team,,,https://www.royalmarsden.nhs.uk/about-royal-marsden/freedom-information,"Royal Marsden FOI handled via online request form only; no public FOI inbox; Royal Marsden FOI URL not fetched within budget. | 2026-06-20: Royal Marsden publishes no FOI email address (online form only) | 2026-08-22: pressteam@rmh.nhs.uk re-confirmed; FOI page still publishes no address (online form only), so foi_email stays null."
The Royal Orthopaedic Hospital NHS Foundation Trust,RRJ,roh.comms@nhs.net,,https://roh.nhs.uk/contact,roh-tr.foi@nhs.net,,https://roh.nhs.uk/contact,
The Royal Wolverhampton NHS Trust,RL4,rwh-tr.communicationsdept@nhs.net,,https://www.royalwolverhampton.nhs.uk/contact-us/,rwh-tr.foi@nhs.net,,https://www.royalwolverhampton.nhs.uk/contact-us/,"2026-08-18: press and FOI emails both re-verified against the trust's own contact-us page. Press address is listed there as 'Website Enquiries / Media / Press', so it is not media-only."
The Shrewsbury and Telford Hospital NHS Trust,RXW,sath.commsteam@nhs.net,,https://www.sath.nhs.uk/news-media/contact-the-team/,sath.foi@nhs.net,,https://www.sath.nhs.uk/about-us/freedom-of-information/make-an-enquiry/,
The Walton Centre NHS Foundation Trust,RET,wcft.communications@nhs.net,,https://www.thewaltoncentre.nhs.uk/media-enquiries,wcft.enquiries@nhs.net,enquiries@thewaltoncentre.nhs.uk,https://www.thewaltoncentre.nhs.uk/freedom-of-information-requests---form,
Torbay and South Devon NHS Foundation Trust,RA9,tsdft.communicationsteam@nhs.net,communications.tsdft@nhs.net,https://www.torbayandsouthdevon.nhs.uk/about-us/news-and-publications/media-relations/,tsdft.foirequests@nhs.net,foi.tsdft@nhs.net,https://www.torbayandsouthdevon.nhs.uk/about-us/data-protection/freedom-of-information/,"Press email reconstructed from contact form recipient (tsdft.communicationsteam@nhs.net) | press source URL corrected 2026-06-20 (prior URL 404); address unchanged | 2026-08-22: media-relations page is contact-form only with no address published, so the reconstructed press address is retained unverified; tsdft.foirequests@nhs.net re-confirmed."
United Lincolnshire Teaching Hospitals NHS Trust,RWD,ulth.lchscommunications@nhs.net,communications@ulh.nhs.uk,https://www.ulh.nhs.uk/contact/news-communications/,ulth.foi@nhs.net,FOI@ulh.nhs.uk,https://www.ulh.nhs.uk/freedom-of-information/,Both emails obscured by Cloudflare email-protection on these pages
University College London Hospitals NHS Foundation Trust,RRV,uclh.media@nhs.net,,https://www.uclh.nhs.uk/about-us/what-we-do/media-and-communications/media-enquiries/story-consent,uclh.foi@nhs.net,,https://www.uclh.nhs.uk/contact/freedom-information,
University Hospital Southampton NHS Foundation Trust,RHM,communications@uhs.nhs.uk,,https://www.uhs.nhs.uk/whats-new/procedure-for-media-enquiries,freedomofinformation@uhs.nhs.uk,,https://www.uhs.nhs.uk/about-the-trust/privacy/requesting-information-about-university-hospital-southampton,Trust website returned 404 to direct page fetches; FOI email not confirmed; UH Southampton FOI sub-pages all 404 across tested paths.
University Hospitals Birmingham NHS Foundation Trust,RRK,communications@uhb.nhs.uk,,https://www.uhb.nhs.uk/get-in-touch/media-enquiries/,Foi@uhb.nhs.uk,foi.uhb@uhb.nhs.uk,https://www.uhb.nhs.uk/get-in-touch/make-a-freedom-of-information-request/,"press email not found on site; FOI email not found on site | 2026-08-22: both addresses now confirmed on the trust's own pages (communications@uhb.nhs.uk on /get-in-touch/media-enquiries/, Foi@uhb.nhs.uk on /get-in-touch/make-a-freedom-of-information-request/) - the earlier 'not found on site' note is superseded."
Bristol NHS Foundation Trust,RA7,pressoffice@uhbw.nhs.uk,nbtcommunications@nbt.nhs.uk,https://www.bristolft.nhs.uk/about-us/news-and-media/media-enquiries,FreedomOfInfo@uhbw.nhs.uk,FOIArequests@nbt.nhs.uk,https://www.bristolft.nhs.uk/contact-us/freedom-information,"2026-08-22 ODS merge reconciliation: row RVJ (North Bristol) retired and folded in; merged 1 Jul 2026 to form Bristol NHS FT. The trust still runs two site-based routes and publishes no single trust-wide address. Press: city centre / South Bristol / Weston is phone-only on its own page (0117 342 3629; out of hours switchboard 0117 923 0000, ask for the on-call press officer) but pressoffice@uhbw.nhs.uk is still live on the UHBW media centre; Southmead / Cossham / Bristol Centre for Enablement is nbtcommunications@nbt.nhs.uk (0117 414 3990). FOI: City and Weston by email to FreedomOfInfo@uhbw.nhs.uk; Southmead via a web form at https://nhs1.radarhealthcare.net/incident/27/external-form/NBNT/Template_NHS_FOI_Request/694 with FOIArequests@nbt.nhs.uk still published on nbt.nhs.uk."
University Hospitals Coventry and Warwickshire NHS Trust,RKB,communications@uhcw.nhs.uk,,https://www.uhcw.nhs.uk/contact-us/media-centre/media-enquiries/,GMBFOI@uhcw.nhs.uk,foi@uhcw.nhs.uk,https://www.uhcw.nhs.uk/contact-us/freedom-of-information-act/,
University Hospitals Dorset NHS Foundation Trust,R0D,uhd.communications@nhs.net,communications@uhd.nhs.uk,https://www.uhd.nhs.uk/news/media-enquiry,uhd.foi@nhs.net,foi@uhd.nhs.uk,https://www.uhd.nhs.uk/about-us/foi,Joomla cloak-script obfuscated; decoded from script source
University Hospitals Plymouth NHS Trust,RK9,communications.phnt@nhs.net,,https://www.plymouthhospitals.nhs.uk/contact-us,plh-tr.foi-requests@nhs.net,,https://www.plymouthhospitals.nhs.uk/foi/,
University Hospitals Sussex NHS Foundation Trust,RYR,UHSussex.media@nhs.net,,https://www.uhsussex.nhs.uk/contact/press-media/,UHSussex.foi@nhs.net,,https://www.uhsussex.nhs.uk/freedom-of-information/,Cloudflare email-protection decoded
University Hospitals of Derby and Burton NHS Foundation Trust,RTG,uhdb.communications@nhs.net,,https://www.uhdb.nhs.uk/information-for-journalists,uhdb.foi@nhs.net,,https://www.uhdb.nhs.uk/freedom-of-information-foi,
University Hospitals of Leicester NHS Trust,RWE,uhl-tr.pressoffice@nhs.net,communications@uhl-tr.nhs.uk,https://www.uhleicester.nhs.uk/contact/,uhl-tr.foi-freedomofinformation@nhs.net,foi@uhl-tr.nhs.uk,https://www.uhleicester.nhs.uk/foi/about-freedom-of-information/,Press email obscured/encoded on contact page; FOI page not located
University Hospitals of Morecambe Bay NHS Foundation Trust,RTX,communications.team@mbht.nhs.uk,,https://www.uhmb.nhs.uk/get-in-touch/contact-our-corporate-communications-team,Freedom.Information@mbht.nhs.uk,,https://www.uhmb.nhs.uk/our-trust/freedom-information,
University Hospitals of North Midlands NHS Trust,RJE,communications@uhnm.nhs.uk,Communications@uh​nm.n​hs.uk,https://www.uhnm.nhs.uk/contact-us/information-for-journalists/,foi@uhnm.nhs.uk,,https://www.uhnm.nhs.uk/contact-us,
Walsall Healthcare NHS Trust,RBK,wht.communications@nhs.net,,Temp/Comms contacts.xlsx (May 2026),wht.foi@nhs.net,FOI@walsallhealthcare.nhs.uk,https://www.walsallhealthcare.nhs.uk/about-us/foi/,No press email published; out-of-hours via switchboard 01922 721172; Walsall Healthcare media page advises out-of-hours via switchboard only; no published press email.
North Cheshire and Mersey NHS Foundation Trust,RWW,ncm.media@nhs.net,whh.communications@nhs.net,https://northcheshireandmersey.nhs.uk/contact-us,ncm.foi@nhs.net,whh.foi@nhs.net,https://northcheshireandmersey.nhs.uk/about-us/freedom-of-information/,"2026-08-22 ODS merge reconciliation: row RY2 (Bridgewater Community Healthcare) retired and folded in; Bridgewater and Warrington and Halton Teaching Hospitals merged 1 Apr 2026 to form North Cheshire and Mersey NHS FT, which uses shared ncm.* inboxes. Legacy WHH inboxes kept as _alt; legacy Bridgewater FOI inbox was foi@bridgewater.nhs.uk."
West Hertfordshire Teaching Hospitals NHS Trust,RWG,westherts.communications@nhs.net,,https://www.westhertshospitals.nhs.uk/about-us/news/media-enquiries,westherts.foi@nhs.net,,https://www.westhertshospitals.nhs.uk/about-us/foi,
West London NHS Trust,RKL,wlt.communications@nhs.net,communications@westlondon.nhs.uk,https://www.westlondon.nhs.uk/news/media-and-communications,wlt.foi@nhs.net,foi@westlondon.nhs.uk,https://www.westlondon.nhs.uk/about-us/freedom-information,
West Midlands Ambulance Service University NHS Foundation Trust,RYA,pressoffice@wmas.nhs.uk,,https://www.wmas.nhs.uk/contact/,foi@wmas.nhs.uk,,https://www.wmas.nhs.uk/foi/,Cloudflare email-protection decoded
West Suffolk NHS Foundation Trust,RGR,media@wsh.nhs.uk,,http://www.wsh.nhs.uk/contact-us/,foi@wsh.nhs.uk,,http://www.wsh.nhs.uk/contact-us/,
Whittington Health NHS Trust,RKE,communications.whitthealth@nhs.net,,https://www.whittington.nhs.uk/default.asp?c=23363,foi.whitthealth@nhs.net,,https://www.whittington.nhs.uk/default.asp?c=1631,FOI email not located; Whittington FOI sub-pages (default.asp ?c= numeric IDs) all 404 in tests. 2026-08-15: foi address re-confirmed unchanged; foi_source_url repointed from the May 2026 spreadsheet placeholder to the live page [https://www.whittington.nhs.uk/default.asp?c=1631].
Wirral Community Health and Care NHS Foundation Trust,RY7,wcnt.communications@nhs.net,,https://www.wchc.nhs.uk/about/corporate-services/communications-marketing/,wcnt.foi@nhs.net,,https://www.wchc.nhs.uk/about/freedom-information/act/,no listed emails on either page; phone-only contact; Wirral Community: contact page lists media phone numbers but no email; FOI page lists no email; sub-paths 404. 2026-08-15: press address re-confirmed unchanged; press_source_url repointed from the May 2026 spreadsheet placeholder to the live page [https://www.wchc.nhs.uk/about/corporate-services/communications-marketing/]. 2026-08-15: foi address re-confirmed unchanged; foi_source_url repointed from the May 2026 spreadsheet placeholder to the live page [https://www.wchc.nhs.uk/about/freedom-information/act/].
Wirral University Teaching Hospital NHS Foundation Trust,RBL,wih-tr.communications@nhs.net,,https://www.wuth.nhs.uk/contact-us,wih-tr.accesstoinformationoffice@nhs.net,,https://www.wuth.nhs.uk/contact-us,FOI inbox combined with Access to Information Office (handles both FOI and SARs)
Worcestershire Acute Hospitals NHS Trust,RWP,wah-tr.communications@nhs.net,,https://www.worcsacute.nhs.uk/contact-us/press-office/,wah-tr.foi@nhs.net,,https://www.worcsacute.nhs.uk/our-trust/freedom-of-information/freedom-of-information-publication-scheme/,
"Wrightington, Wigan and Leigh Teaching Hospitals NHS Foundation Trust",RRF,PRenquiries@wwl.nhs.uk,,https://www.wwl.nhs.uk/contact-us/,FOI@wwl.nhs.uk,,https://www.wwl.nhs.uk/freedom-of-information,
Wye Valley NHS Trust,RLQ,WVTcommsteam@wvt.nhs.uk,,https://www.wyevalley.nhs.uk/news-events/press-office.aspx,Freedom.Information@wvt.nhs.uk,,https://www.wyevalley.nhs.uk/about-us/information-requests/,"2026-08-18: press and FOI emails both re-verified against the trust's own pages. foi_source_url repointed - the old freedom-of-information-requests.aspx now 404s. Press office page also lists three named comms staff (John Burnett, comms and engagement manager; Amanda Millichip and Fiona Gurney, comms officers) on 01432 372928. | 2026-08-22: foi_source_url repointed again - make-a-freedom-of-information-request.aspx now 404s; Freedom.Information@wvt.nhs.uk is published on the parent /about-us/information-requests/ page. Press address re-confirmed on the press office page."
York and Scarborough Teaching Hospitals NHS Foundation Trust,RCB,yhs-tr.communications.team@nhs.net,,https://www.yorkhospitals.nhs.uk/news-amp-media/media-enquiries/,yhs-tr.foirequests@nhs.net,,https://www.yorkhospitals.nhs.uk/about-us/information-governance/freedom-of-information/,
Yorkshire Ambulance Service NHS Trust,RX8,yas.pressoffice@nhs.net,,https://www.yas.nhs.uk/contact-us/,yas.foi@nhs.net,,https://www.yas.nhs.uk/contact-us/,
North London NHS Foundation Trust,G6V2S,nlft.communications@nhs.net,,https://www.northlondonmentalhealth.nhs.uk/contact-us,nlft.freedom.information@nhs.net,nlft.information.request@nhs.net,https://www.northlondonmentalhealth.nhs.uk/freedom-of-information,"2026-08-22 ODS merge reconciliation: row RNK (Tavistock and Portman) retired and folded in; Tavistock dissolved into North London NHS FT on 1 Apr 2026 and tavistockandportman.nhs.uk 301-redirects here. North London FT was formed Nov 2024 from Camden and Islington FT (TAF) and Barnet, Enfield and Haringey MH Trust (RRP). Press and FOI emails from northlondonmentalhealth.nhs.uk."
The Online NHS Trust,K0N6A,,,,,,,"Shadow / pre-legal trust as of 2026-05-16. ODS operational date 2026-04-07; legal establishment date 2026-06-01. No public website, press office or FOI process yet. Registered address is DHSC HQ (Wellington House, 133-155 Waterloo Road, London SE1 8UG). Until the trust is operational with patients (expected 2027), route press enquiries via NHS England press office (nhsengland.media@nhs.net) and FOI requests via NHS England (england.contactus@nhs.net) or DHSC."
